UniqueID,Name,Week1,Week2,Total
2736,Chaitanya Chhabra,29.0,30.0,59.0
3008,Arnab Sarkar ,29.0,28.0,57.0
2855,Anushree,27.0,28.0,55.0
2221,Arushi Kumar,30.0,25.0,55.0
2926,Dev Shah,27.0,28.0,55.0
2167,Parth Agarwal,30.0,25.0,55.0
2423,Shekhar Jyoti Nath,29.0,26.0,55.0
2930,Shubhranshu Pandey,30.0,25.0,55.0
2853,Ujjawal Dubey,27.0,28.0,55.0
2191,Aman Jha,27.0,27.0,54.0
2739,Anand P,28.0,26.0,54.0
3680,Aradhya,29.0,25.0,54.0
3398,Krunal Indravadan Patel,28.0,26.0,54.0
2700,Om Khandwala,28.0,26.0,54.0
3681,Piyush Kumar,28.0,26.0,54.0
3705,Ayan Sadhukhan,27.0,26.0,53.0
3704,Jagriti Chakrabarty,27.0,26.0,53.0
2854,M R Akshit,27.0,26.0,53.0
3277,Muhammed Salim,27.0,26.0,53.0
2884,Shashwat Shankar,30.0,23.0,53.0
3177,Shobhit Gupta,30.0,23.0,53.0
2285,Abhinav Pratap Singh Bais,28.0,24.0,52.0
2085,Himanshu Singhal,27.0,25.0,52.0
2327,Jahnavi Kumar,26.0,26.0,52.0
2213,Jnana Sai ,28.0,24.0,52.0
2214,Leela Varshini ,28.0,24.0,52.0
2030,Raunit Patel,26.0,26.0,52.0
2252,Rishita Agarwal,29.0,23.0,52.0
2103,Sai sudhamsh,26.0,26.0,52.0
3745,Anusuya Sadhukhan,27.0,24.0,51.0
2744,Bhavna Jayswal,26.0,25.0,51.0
3454,Gaurav Dalvi,26.0,25.0,51.0
3316,Pranav Jori,27.0,24.0,51.0
2752,Pratik Tripathy,28.0,23.0,51.0
2777,Soumya Sharma,29.0,22.0,51.0
2168,Tanush Reddy Kolagatla,29.0,22.0,51.0
3265,karan soni,26.0,25.0,51.0
2111,Ashutosh Balsubramaniam,26.0,24.0,50.0
2039,Atharva Dixit,26.0,24.0,50.0
2164,Atul Jha,26.0,24.0,50.0
2139,Divyanshu Tiwari,23.0,27.0,50.0
2053,Mahua Singh,23.0,27.0,50.0
3720,Ojaswi Pandey,26.0,24.0,50.0
2763,P JOEL,28.0,22.0,50.0
3284,Pradipta Jiwan Hazarika,26.0,24.0,50.0
2798,Puramshetti Sahithi,25.0,25.0,50.0
3524,Rishabh Gehlot,24.0,26.0,50.0
2081,Saptarshi Mukherjee,27.0,23.0,50.0
2713,Satish Prasad,30.0,20.0,50.0
2428,Shriya Surya ,27.0,23.0,50.0
2157,Tarun Kurethiya,24.0,26.0,50.0
2059,Vivek prajapati,24.0,26.0,50.0
2383,sriram pranav,24.0,26.0,50.0
2287,Adarsh Gupta,25.0,24.0,49.0
3072,Adarsh Mudgal,25.0,24.0,49.0
3018,Aditya singh,27.0,22.0,49.0
3501,Anshu Soni,21.0,28.0,49.0
3272,Atul,27.0,22.0,49.0
2794,Daksh Rathi,24.0,25.0,49.0
2351,Diyora Ujas Vinodkumar,26.0,23.0,49.0
2090,Kashish Aggarwal,23.0,26.0,49.0
3719,Md Toufik,25.0,24.0,49.0
2190,Prakhar Punj,27.0,22.0,49.0
2779,Aadityanshu Singh,26.0,22.0,48.0
3249,Adarsh Kumar Gupta,26.0,22.0,48.0
3279,Ankith L,27.0,21.0,48.0
3425,Atharva Tiwari,23.0,25.0,48.0
2525,Dixith S Naik,27.0,21.0,48.0
3335,Garv Kaushik,30.0,18.0,48.0
2595,Hayagrivan,25.0,23.0,48.0
2860,Kevin Jacob,24.0,24.0,48.0
3725,Krishnav Bajoria,29.0,19.0,48.0
2187,M Madhushree ,27.0,21.0,48.0
2105,Mahek Choudhary,23.0,25.0,48.0
2427,Mayank Gangwar,29.0,19.0,48.0
2109,Raghav Modi,26.0,22.0,48.0
2179,Sanjana N Halepeti ,27.0,21.0,48.0
2395,Sarthak kapoor,28.0,20.0,48.0
2165,Sheikh Mirajuddin Nabi,22.0,26.0,48.0
2543,Tanishq Yaduka,26.0,22.0,48.0
2296,Thanush J Lodha,26.0,22.0,48.0
2065,VIVEK REDDY RAGIREDDY,26.0,22.0,48.0
2347,Venkatesh M,27.0,21.0,48.0
2795,Aarav Mehta,25.0,22.0,47.0
2622,Aditya Kanagalekar,25.0,22.0,47.0
3103,Aditya Singh,26.0,21.0,47.0
3554,Adreeja Mahato ,26.0,21.0,47.0
2998,Aishik Tokdar ,25.0,22.0,47.0
2106,Deepashree Vaideeswar,24.0,23.0,47.0
2719,K S Venkat Prabodh,22.0,25.0,47.0
2911,Karan Singh,27.0,20.0,47.0
2971,Priyansh Kanand Warke,25.0,22.0,47.0
2246,Pulkit Agrawal,26.0,21.0,47.0
2303,Raj Kashyap,27.0,20.0,47.0
2486,Tarun Raj,27.0,20.0,47.0
3228,DHRUV AGRAWAL,29.0,17.0,46.0
3087,Prathmesh Patil,25.0,21.0,46.0
3451,Priyanka Jha,26.0,20.0,46.0
2170,Sarthak Thakre,22.0,24.0,46.0
2112,Shreyans Garg,23.0,23.0,46.0
3373,Shubhi Agarwal,25.0,21.0,46.0
2033,Udit Jethva,23.0,23.0,46.0
3252,Udit Modi,23.0,23.0,46.0
2481,A. Shrihari Raju,24.0,21.0,45.0
3229,Adarsh Tiwari,22.0,23.0,45.0
2195,Bharath Chandra Panasa,21.0,24.0,45.0
2183,Earli Sampath Sai Srinivas,22.0,23.0,45.0
2118,Kinnera Jujjavarapu,21.0,24.0,45.0
2391,Kishor Kunal,22.0,23.0,45.0
2910,Potla Sai Adarsh,24.0,21.0,45.0
2072,Simarpreet Singh,25.0,20.0,45.0
2160,Sushant kumar,22.0,23.0,45.0
2136,Yash Singhal,28.0,17.0,45.0
3067,Aditya Prasad Mohanty,29.0,15.0,44.0
3143,Aman Raj Mohta,21.0,23.0,44.0
2334,Ankit Patel,21.0,23.0,44.0
2234,Arunesh Adarsh,28.0,16.0,44.0
3299,Aryabhatta Aryan,30.0,14.0,44.0
3684,Aryan Pendke,27.0,17.0,44.0
2755,Aryan Yadav,27.0,17.0,44.0
3199,Aryansh kumar ,27.0,17.0,44.0
2054,Ashish Raj,26.0,18.0,44.0
2330,B Pranesh Vijay,27.0,17.0,44.0
2767,Chaitanya Gambali,26.0,18.0,44.0
2374,Lora Mohanty,21.0,23.0,44.0
2225,Ricktho Sarkar,23.0,21.0,44.0
2924,Rishabh Pandey,26.0,18.0,44.0
2768,Saarthak Gupta,29.0,15.0,44.0
3034,Sainik Khaddar,24.0,20.0,44.0
2184,Satyarth Gupta,27.0,17.0,44.0
2758,Saumyajeet Behuria,22.0,22.0,44.0
2750,Sumit Jena,22.0,22.0,44.0
2238,Vikrant,27.0,17.0,44.0
2760,Yash Sachan,27.0,17.0,44.0
2241,satyanshu,28.0,16.0,44.0
2291,Akshat Rangari,27.0,16.0,43.0
3004,BAIBHAV PATHY,19.0,24.0,43.0
3662,Chandreyi Chowdhury,19.0,24.0,43.0
2775,Divyansh Sharma,25.0,18.0,43.0
2286,Malabh Bakshi,19.0,24.0,43.0
2076,Mohit yadav,24.0,19.0,43.0
2277,Nilesh Singla,23.0,20.0,43.0
2121,Prince Tholia,24.0,19.0,43.0
2684,Rahul Mareja,24.0,19.0,43.0
2626,Shaswata Gogoi,21.0,22.0,43.0
2784,ARYAN RAJ,27.0,15.0,42.0
2483,Archie Jaipuria,24.0,18.0,42.0
3715,Chakka Surya Saketh,17.0,25.0,42.0
3188,Chandrama Gogoi,20.0,22.0,42.0
2773,Hemanth,25.0,17.0,42.0
3012,Kashish Gupta,23.0,19.0,42.0
2977,Nimit Khandelwal,25.0,17.0,42.0
3198,Priyansh Sharaf,27.0,15.0,42.0
2092,Rahul Jat,24.0,18.0,42.0
2278,Ram Bansal,26.0,16.0,42.0
2686,Shiv Kumar Maurya,30.0,12.0,42.0
3182,Shreyash Banduji Chacharkar,23.0,19.0,42.0
3655,Suyash Kankane,25.0,17.0,42.0
2800,Tilak Gupta,25.0,17.0,42.0
3546,Udish Jangid,25.0,17.0,42.0
2073,Vatsal Jain,20.0,22.0,42.0
2386,Aditya Kale,22.0,19.0,41.0
2467,Ananta Dey,19.0,22.0,41.0
3322,Anjali Kumari,17.0,24.0,41.0
2057,Anushka Gupta,18.0,23.0,41.0
2185,Laraib Abbas,26.0,15.0,41.0
2829,Leal Miranda,19.0,22.0,41.0
2771,Samarth Jain,24.0,17.0,41.0
3193,Sumed Chougale,23.0,18.0,41.0
3439,Udbhav Gupta,24.0,17.0,41.0
2159,Ashish Dalal,26.0,14.0,40.0
3028,Chaitanya Jena,19.0,21.0,40.0
2132,Kushal Agarwal,23.0,17.0,40.0
2566, Krishna Mahalka,15.0,24.0,39.0
2258,Anoop Singh,25.0,14.0,39.0
2832,Arpita Ghosh ,16.0,23.0,39.0
3327,Aryan Verma,26.0,13.0,39.0
3464,Baibhav Bittu Tiwari,16.0,23.0,39.0
2701,Chinmay Verma,25.0,14.0,39.0
2477,Deep Kaur,21.0,18.0,39.0
2598,Dhritilekha Deka ,16.0,23.0,39.0
2063,Rishabh Raj,22.0,17.0,39.0
2734,Sanchit Garg,25.0,14.0,39.0
2231,Tanay Goenka,13.5,25.0,38.5
3135,Anjali Roy,20.0,18.0,38.0
3002,Kalal Vinay,27.0,11.0,38.0
3764,Shaunak Gupta,13.0,25.0,38.0
2186,Supreet Sahu,24.0,14.0,38.0
2192,UTKARSH YADAV,17.0,21.0,38.0
2382,Abinash Sonowal,24.0,13.0,37.0
3673,Ashutosh Prasad,27.0,10.0,37.0
3758,Chirag Garg,10.0,27.0,37.0
3671,Manaswee Sharma,20.0,17.0,37.0
3387,Rahul Gautam,18.0,19.0,37.0
2123,Arin Gupta,28.0,8.5,36.5
3195,Anjali Patel,20.0,16.0,36.0
2990,Kattamuri Venkata Shravya,19.0,17.0,36.0
3663,Aarjav Jain ,15.0,20.0,35.0
2596,Aditya Kumar,24.0,11.0,35.0
2637,Deepanshi Jain,15.0,20.0,35.0
2640,Sumukh Mishra,15.0,20.0,35.0
2756,hrishit yelchuri,16.0,19.0,35.0
3689,Abhinav Bhaskar,11.0,23.0,34.0
3115,Crystal Ojukwu,16.0,18.0,34.0
3208,Jawaharlal Banothu,15.0,19.0,34.0
2925,Sanat Nagpal,22.0,12.0,34.0
2958,Sharvari Bote,21.0,13.0,34.0
3372,Siddhi Sutrave,19.0,15.0,34.0
3237,Vaibhav kumar,17.0,17.0,34.0
3716,Vardan Popli,19.0,15.0,34.0
3289,r arun,12.0,22.0,34.0
3399,vardaan r saraswat,19.0,15.0,34.0
2974,ADITYA KUMAR JHA,10.0,23.0,33.0
3479,Gauri G Menon,11.0,22.0,33.0
3486,Krishan MOHAN Singh,16.0,17.0,33.0
2636,Manika rikhari,13.0,20.0,33.0
3677,Nandhakumar,21.0,12.0,33.0
2359,Riddick Kakati,17.0,16.0,33.0
3563,Ronit kumar kaushik,17.0,15.0,32.0
2421,Vineet R Jagga,21.0,10.0,31.0
3109,Louvensky Geffrard,16.0,14.0,30.0
3104,Ramarakesh,11.0,18.0,29.0
3140,Aditya Karanth,28.0,0.0,28.0
2209,Aditya Sarthak,28.0,0.0,28.0
3260,Chirag Agarwal,28.0,0.0,28.0
3215,DEEPAKSAKTHI V K,14.0,14.0,28.0
2511,Devashish Raj,28.0,0.0,28.0
2196,Sasi Kiran,28.0,0.0,28.0
2718,Sayan Kumar Mandi,28.0,0.0,28.0
3456,Suparna Mondal,17.0,11.0,28.0
2520,Vishal Shashidhar,17.0,11.0,28.0
3227,AKHIL S V,27.0,0.0,27.0
3767,Abhinav Aggarwal ,0.0,27.0,27.0
3281,Akarsh Salimath ,27.0,0.0,27.0
2208,Astitva Jain,27.0,0.0,27.0
3207,Avanish Gadhikar,27.0,0.0,27.0
3723,Mohd Fahad Javed,27.0,0.0,27.0
3378,Rohith Peddi,27.0,0.0,27.0
3155,Aryan Raj,26.0,0.0,26.0
3328,DIVYANSH MISHRA,26.0,0.0,26.0
2699,G Priyanka,26.0,0.0,26.0
2203,Gadchanda Rithvik Rao ,26.0,0.0,26.0
2476,Mayank Choudhary,26.0,0.0,26.0
2340,Mehul Suresh Neman,26.0,0.0,26.0
3350,Pihul Lalotra,26.0,0.0,26.0
2568,RAUNAK THAKUR,14.0,12.0,26.0
3213,Shreyansh Srivastava,0.0,26.0,26.0
2345,Shubham Kumar Jha,26.0,0.0,26.0
2227,Simarpreet Singh,0.0,26.0,26.0
2230,Tanmay Mittal,26.0,0.0,26.0
3148,Apoorv Gautam,23.0,2.5,25.5
3175,Ashutosh Baheti,25.0,0.0,25.0
2891,Kumar Devesh,25.0,0.0,25.0
2135,Manas Jhawar,25.0,0.0,25.0
3117,Shreya Mishra,25.0,0.0,25.0
3071,Sushant Tarapure,25.0,0.0,25.0
3070,Venkatesh Dhanorkar,25.0,0.0,25.0
2307,Yashika Kumawat,0.0,25.0,25.0
2193,yaduru sri guru pratheek reddy,0.0,25.0,25.0
2171,Aayush Raman,24.0,0.0,24.0
2069,Aditya Jha,24.0,0.0,24.0
2509,Chirumamilla Ganesh Venkata Narayana,0.0,24.0,24.0
3566,Kataru Chandana sri,20.0,4.0,24.0
2946,Krish Mangal,5.0,19.0,24.0
2356,Manya Aggarwal,24.0,0.0,24.0
3320,Mayank Kumar Dalmia ,0.0,24.0,24.0
3044,SAI PRAVALLITHA VEMIREDDY,24.0,0.0,24.0
3017,Samatha Reddy Vemireddy,24.0,0.0,24.0
2130,Aniket Gupta,23.0,0.0,23.0
3132,Astha kumari,23.0,0.0,23.0
2687,Ayush Raj,23.0,0.0,23.0
3445,Diya Agarwal,23.0,0.0,23.0
2134,Himanshu,23.0,0.0,23.0
3710,Sai Sreeja,14.0,9.0,23.0
3452,dheeraj kumar prajapati,0.0,23.0,23.0
2239,Abhishekh Sinha,22.0,0.0,22.0
3747,Aditya Kumar Gupta,0.0,22.0,22.0
3731,Amaan Zaidi,22.0,0.0,22.0
2691,Ayush Verma ,0.0,22.0,22.0
3434,Motam Vishnu,18.0,4.0,22.0
3146,RISHIKESH KUMAR RAM,13.0,9.0,22.0
2425,ANKUR PRAJAPATI,4.0,17.0,21.0
2271,Aayush Agarwal,21.0,0.0,21.0
3446,Ananya Karn,21.0,0.0,21.0
2176,Anish Kumar,21.0,0.0,21.0
2594,Niveditha G D,0.0,21.0,21.0
3737,Prakhar Pratap Singh,0.0,21.0,21.0
2743,harshal Jivnani,21.0,0.0,21.0
2046,Rajneesh Kumar,17.0,3.5,20.5
2368,Akhilesh Mehar,20.0,0.0,20.0
2034,Arooz Paul Singh,20.0,0.0,20.0
2317,Aryan Patel,20.0,0.0,20.0
2411,Divyanshu Prakash,0.0,20.0,20.0
2631,K Vasanthakumaaran,20.0,0.0,20.0
2082,Madamanchi chandana,9.0,11.0,20.0
3382,Pranjali Verma,3.0,17.0,20.0
2205,Rohit Bohra,20.0,0.0,20.0
2869,Syed Osman Ali,0.0,20.0,20.0
3778,Abhijay Rawat,1.5,18.0,19.5
2651,Anant Sharma,13.0,6.0,19.0
2058,Ayush Dadhich,19.0,0.0,19.0
2561,Bhavuk Prasad Sarthak,19.0,0.0,19.0
2228,Onkar Shinde,19.0,0.0,19.0
3418,Tanmay Gupta,0.0,19.0,19.0
3293,Tanu Siwach,0.0,19.0,19.0
3079,Venkat Chand Godugu,19.0,0.0,19.0
3709,Abhinav chaudhary,0.0,18.0,18.0
2540,Ambuj Mishra,18.0,0.0,18.0
2315,Chinam Suraj Patra,18.0,0.0,18.0
3746,Jatin Sharma,0.0,18.0,18.0
2451,MAHENDER KATRAVATH,18.0,0.0,18.0
2447,Madhava sai G,18.0,0.0,18.0
2177,Rajat Gupta,18.0,0.0,18.0
3174,Rohit Kumar,18.0,0.0,18.0
2774,Rudransh Shishodia ,2.0,16.0,18.0
2740,SHREEHITHA ARUSHAN,0.0,18.0,18.0
2649,Abhishek Kumar ,17.0,0.0,17.0
2172,Anuj Vishwakarma,17.0,0.0,17.0
3517,Aryan Prakhar,17.0,0.0,17.0
3674,Ashutosh Singh,0.0,17.0,17.0
2126,Ayush Kumar ,17.0,0.0,17.0
2620,Borra Lakshya,17.0,0.0,17.0
3515,Mousum Gogoi,17.0,0.0,17.0
3759,Pamulapati Dhanush,0.0,17.0,17.0
3026,Parag Agarwal,4.0,13.0,17.0
2650,Vishal Kumar,0.0,17.0,17.0
3307,Aman Garg,16.0,0.0,16.0
2339,Anirban Ghosh,16.0,0.0,16.0
3389,Prem Yadav,16.0,0.0,16.0
3113,Suditi Prasad,0.0,16.0,16.0
3459,Anshul Kundu,0.0,15.0,15.0
3772,Bhagyesh Mahajan,0.0,15.0,15.0
2156,Gubbala kundana satya deepak,15.0,0.0,15.0
2696,Namdev Suryavanshi,15.0,0.0,15.0
3391,Raghav Ahuja,0.0,15.0,15.0
3314,Ujjawal Jain,6.0,9.0,15.0
3675,Abhishek sharma,14.0,0.0,14.0
2147,Anas Khan,14.0,0.0,14.0
3158,Deep Anilkumar Prajapati ,14.0,0.0,14.0
2897,Keya Battu,11.0,3.0,14.0
3714,Kosuri Lakshmi Prasanna,10.0,4.0,14.0
3163,Kotha Hitesh,0.0,14.0,14.0
2820,Madhur Vadlamudi,14.0,0.0,14.0
3169,Pooja Kumari,14.0,0.0,14.0
2390,Vishakha Chaudhary,14.0,0.0,14.0
3356,Aryan Pandey,13.0,0.0,13.0
2276,Ayush Awasthi,13.0,0.0,13.0
3179,Adil Sayyed,12.0,0.0,12.0
2624,Ajinkya Suresh Kamble,12.0,0.0,12.0
3390,Radhesh Ahuja,0.0,12.0,12.0
3712,Siddhant Gupta,12.0,0.0,12.0
2304,Suvradeep Das,0.0,12.0,12.0
3713,Chukka Akhila ,10.0,1.5,11.5
2954,Aditya Bhatia,11.0,0.0,11.0
2306,Akshat Shrivastava,11.0,0.0,11.0
2316,Ashish Ranjan Kar,11.0,0.0,11.0
2079,Heet Patel,11.0,0.0,11.0
2671,MAYANK,11.0,0.0,11.0
2260,Mohammed Faizan,4.0,7.0,11.0
2963,Jaya Anand,10.0,0.0,10.0
3465,Ramavarapu Dhanush,0.0,9.0,9.0
2788,Rishav Kumar,0.0,9.0,9.0
2482,SHIVAM ANAND,9.0,0.0,9.0
3015,Jai kishan Gupta,8.0,0.0,8.0
3458,Krishna Gopal,8.0,0.0,8.0
2678,Majjiga Deepak Sai ,0.0,7.0,7.0
3532,SAHIL PATIL,7.0,0.0,7.0
2556,Abhigyan Tripathi,0.0,6.0,6.0
2973,Amit Kumar ,6.0,0.0,6.0
2849,Ayush Raj,0.0,6.0,6.0
2600,srijan sehdev,6.0,0.0,6.0
2236,Aryan Arya,5.0,0.0,5.0
3450,Mohd Abdul Azeem,5.0,0.0,5.0
3065,Nitish Deshpande,0.0,5.0,5.0
2037,Verma Vijay ,0.0,4.5,4.5
3395,Aman kumar ,4.0,0.0,4.0
3727,Surbhi Kumari,4.0,0.0,4.0
2055,Khushi Aggarwal,0.0,3.0,3.0
2580,Alikana Sai Kiran,0.0,2.5,2.5
3201,Abhay Mittal ,0.0,2.0,2.0
3692,Shashank Mittal,0.0,1.5,1.5
3234,Abhishirsh Sachan,0.0,0.0,0.0
2040,G.PRASHAMS,0.0,0.0,0.0
2465,Himaanshi Singh,0.0,0.0,0.0
2706,Rahul Maheswari,0.0,0.0,0.0
2523,SHAURAV KUMAR,0.0,0.0,0.0
3509,Shefali Shukla ,0.0,0.0,0.0
3024,Shreya Argal,0.0,0.0,0.0
2809,Soumil,0.0,0.0,0.0
3331,Tanya,0.0,0.0,0.0
